{
 "SRCNN": {
  "DIV2K-Val": {
   "psnr": 27.49416826248169,
   "ssim": 0.7522505474090576,
   "lpips": 0.3998671263456345,
   "niqe": 8.433003247143443,
   "musiq": 27.25251567840576,
   "clipiqa": 0.5841461397707463
  }
 },
 "SRGAN": {
  "DIV2K-Val": {
   "psnr": 26.00309224128723,
   "ssim": 0.6999026480317115,
   "lpips": 0.3030751269310713,
   "niqe": 5.598992520070506,
   "musiq": 38.52549325942993,
   "clipiqa": 0.43169107735157014
  }
 },
 "SwinIR": {
  "DIV2K-Val": {
   "psnr": 28.007059106826784,
   "ssim": 0.7708203616738319,
   "lpips": 0.3632291655987501,
   "niqe": 8.348748619900658,
   "musiq": 29.562685737609865,
   "clipiqa": 0.4682436168193817
  }
 },
 "SR3": {
  "DIV2K-Val": {
   "psnr": 19.319415903091432,
   "ssim": 0.6555507519841194,
   "lpips": 0.3585861521959305,
   "niqe": 4.853249246493899,
   "musiq": 30.272491493225097,
   "clipiqa": 0.4015198457241058
  }
 }
}